id,decision,handout_entry,handout_section,others_page,others_quote,others_quote_check,topic,book_chapter,book_chapter_title,book_printed_page,book_pdf_file,book_pdf_page,fits_after,book_evidence,new_contribution,reason,central_review
PH-01,exclude,,,1,Omeprazole - Esomeprazole – Lansoprazole - Dexalansoprazole - Pantoprazole - Rabeprazole (oral – IV - 20-40 mg/d),verbatim on page,PPI members and mechanism,3,The Stomach and Duodenum,44,first-half,47,Pharmacology of treatment of Gastritis and Peptic ulcer > A- Anti-secretory drugs > 1. Proton Pump Inhibitors,Omeprazole - Esomeprazole – Lansoprazole - Dexalansoprazole - Pantoprazole - ... Rabeprazole (oral – IV - 20-40 mg/d) ... Act on the final step of HCI secretion → Most effective acid suppressants.,,duplicate: reproduced verbatim in book,confirmed
PH-02,exclude,,,1,They are prodrugs →after absorption →parietal cells →secretory canaliculi →converted by acid into active form →inhibits H+/K+ ATPase,verbatim on page,PPI activation / anti-H. pylori effect,3,The Stomach and Duodenum,45,first-half,48,1. Proton Pump Inhibitors > Mechanism of Action,"They are prodrugs → after absorption → parietal cells → secretory canaliculi → converted by acid into active form → inhibits H+/K+ ATPase (proton pump) → Inhibit basal & meal stimulated acid secretion (98%, 1-2 h after 1st dose). They have anti- H. pylori effect (lansoprazole most potent)",,duplicate: reproduced verbatim in book,confirmed
PH-03,exclude,,,1,Weak bases →destroyed by gastric acidity & ionized in acid stomach ... Should be taken 30 – 60 minutes before meals,verbatim on page,"PPI pharmacokinetics (enteric coating, timing, 24 h duration, hepatic metabolism)",3,The Stomach and Duodenum,45,first-half,48,1. Proton Pump Inhibitors > Pharmacokinetics,1. Weak bases → destroyed by gastric acidity & ionized in acid stomach (not readily absorbed) → given in enteric-coated form 2. Should be taken 30 – 60 minutes before meals ... 4. Long duration (onset 1 hour & duration 24 hours ... 5. Metabolized in the liver.,,duplicate: reproduced verbatim in book,confirmed
PH-04,exclude,,,1,Hypochlorhydria →↑Risk of infection ... Vitamin B12 deficiency ... inhibit activation of clopidogrel,verbatim on page,PPI adverse effects,3,The Stomach and Duodenum,45,first-half,48,1. Proton Pump Inhibitors > Adverse effects,3. Hypochlorhydria → ↑ Risk of infection (e.g. hospital acquired pneumonia & H. pylori) and Gastric tumor (in animals) ... 4. Vitamin B12 deficiency (on long term use) 5. Enzyme inhibition (clinically insignificant but inhibit activation of clopidogrel).,,duplicate: reproduced verbatim in book,confirmed
PH-05,exclude,,,2,Irreversible PP inhibition ... Competitive reversible PP inhibition ... T1/2 = 6-9 hrs ... Acid stable,verbatim on page,P-CAB vs PPI comparison table,3,The Stomach and Duodenum,46,first-half,49,Potassium Competitive Acid Blockers (P-CAB),"Vonoprazan, revaprazan, tegoprazan (newer version of PPIs) ... Competitive reversible PP inhibition (↓ both active and inactive PP) ... Take 1 day for maximal acid suppression ... T1/2 = 6-9 hrs ... Not prodrug ... Acid stable (Taken before or after meals + Not need acid for activation)",,duplicate: reproduced verbatim in book (source 'hrs33' is a stray footnote digit),confirmed
PH-06,exclude,,,2,Complete inhibition of histamine mediated but partial inhibition of ACh or gastrin mediated HCI secretion.,verbatim on page,"H2 antagonists: members, mechanism, nocturnal vs meal-stimulated",3,The Stomach and Duodenum,46,first-half,49,H2-Receptor Antagonists > Mechanism & Pharmacological Actions,Reversible competitive antagonists of H2 receptors on parietal cells → Complete inhibition of histamine mediated but partial inhibition of ACh or gastrin mediated HCI secretion. Potent inhibition of nocturnal or fasting but less inhibition of daytime (meal-stimulated) acid secretion.,,duplicate: reproduced verbatim in book,confirmed
PH-07,exclude,,,2,Hypotension & bradycardia if given rapidly IV in intensive care (Block cardiac H2 receptors).,verbatim on page,H2 blocker adverse effects (cimetidine),3,The Stomach and Duodenum,46,first-half,49,H2-Receptor Antagonists > Adverse Effects,"Adverse Effects of H2 Blockers (Mostly with cimetidine) 1. Headache ... 2. Tolerance, rebound hyperacidity ... 4. Antiandrogenic ... 6. Hypotension & bradycardia if given rapidly IV in intensive care (Block cardiac H2 receptors) [p.46-47]",,duplicate: reproduced verbatim in book,confirmed
PH-08,exclude,,,3,Nizatidine ... 100% bioavailability (no 1st pass effect) ... Famotidine ... 50% decomposed by gastric acidity,verbatim on page,Individual H2 antagonists table + elimination,3,The Stomach and Duodenum,46,first-half,49,H2-Receptor Antagonists > Individual H2 Antagonists,Nizatidine 150 mg ... Famotidine 20 mg ... 100% bioavailability (no 1st pass effect) ... 50% decomposed by gastric acidity. Eliminated by hepatic metabolism → renal excretion ... dose reduction if ↓ Creatinine clearance or severe liver disease,,duplicate: reproduced verbatim in book,confirmed
PH-09,exclude,,,3,Advantages of PPIs and P-CABs over H2 antagonists ... Indications of Antisecretory Drugs,verbatim on page,"Advantages of PPIs/P-CABs; indications (PU, H. pylori, GERD, ZES, stress ulcer, varices, aspiration)",3,The Stomach and Duodenum,47,first-half,50,Indications of Antisecretory Drugs,Advantages of PPIs and P-CABs over H2 antagonists: 1. Higher efficacy ... 7- Bleeding oesophageal varices: to prevent recurrence (Parenteral) 8- To avoid aspiration pneumonia during surgery e.g. obstetric anesthesia before caesarian section (Parenteral),,duplicate: reproduced verbatim in book (varices indication also in ch23: 'PPI IV or H2 blockers'),confirmed
PH-10,exclude,,,4,"Sucralfate ... Misoprostol ... Colloidal Bismuth (mechanism, uses, ADRs table)",summary (not verbatim),Mucosal protectives table,3,The Stomach and Duodenum,48,first-half,51,Mucosal Protectives (Cytoprotectives),MUCOSAL PROTECTIVES (CYTOPROTECTIVES) 1. Sucralfate 2. Misoprostol 3. Colloidal Bismuth ... Encephalopathy and neurotoxicity especially in renal disease → not give >2 months & not restarted within 1 year.,,duplicate: reproduced verbatim in book,confirmed
PH-11,exclude,,,5,Triple therapy: 10-14 days ... Quadruple therapy ... Sequential therapy ... Followed by 4-6 weeks: PPI therapy,verbatim on page,Anti-H. pylori regimens,3,The Stomach and Duodenum,48,first-half,51,Anti H Pylori Therapy,Triple therapy: 10-14 days: Lansoprazole + Clarithromycin + Amoxicillin ... Quadruple therapy: 10–14 days ... Sequential therapy ... Followed by 4-6 weeks: PPI therapy to allow ulcer heal. N.B.: PPIs may be substituted by P-CABs,,duplicate: reproduced verbatim in book,confirmed
PH-12,exclude,,,5,Neutralize gastric acid (duration 1-2 hrs) ... pepsin is inactive at pH > 4.5 ... taken 1 and 3 hours after meals & at bedtime,verbatim on page,"Antacid actions, uses, drug interactions",3,The Stomach and Duodenum,48,first-half,51,Antacids > Pharmacological Actions / Drug Interactions,1. Neutralize gastric acid (duration 1-2 hrs). 2. Decrease peptic activity (pepsin is inactive at pH > 4.5) ... [p.49] Therapeutic Uses (taken 1 and 3 hours after meals & at bedtime) ... do not give antacids within 2 hrs from administration of these drugs,,duplicate: reproduced verbatim in book,confirmed
PH-13,exclude,,,6,Na HCO3 ... Ca+2 carbonate ... Milk-alkali syndrome ... Magaldarate,verbatim on page,Types and choice of antacids,3,The Stomach and Duodenum,49,first-half,52,Antacids > Types / Choice of antacids,Na HCO3 Advantages Rapid onset. Potent (↑ pH > 7) ... Milk-alkali syndrome (systemic alkalosis - hypercalcemia) ... (e.g. Magaldarate - to neutralize the effects of each other on bowel habit) ... Mg+2 antacids → CNS depression.,,duplicate: reproduced verbatim in book,confirmed
PH-14,exclude,,,6,Precautions to Avoid NSAIDs-induced Ulcer,verbatim on page,NSAID ulcer precautions,3,The Stomach and Duodenum,50,first-half,53,Precautions to Avoid NSAIDs-induced Ulcer,Precautions to Avoid NSAIDs-induced Ulcer 1. Use low doses and avoid combinations of NSAIDs ... 5. Use cautiously in the elderly.,,duplicate: reproduced verbatim in book,confirmed
PH-15,discrepancy,B3-D1,B · earlier-chapter additions,4,Synthetic PGE1 analog,verbatim on page,Misoprostol prostaglandin class,3,The Stomach and Duodenum,37,first-half,40,Gastritis and NSAIDs > Treatment,"Book p.37: 'co-prescribe daily cytoprotective prophylaxis via a PPI or Misoprostol (a synthetic prostaglandin E₂ analogue).' (Book p.48 pharmacology table reads 'Synthetic PGE1 analog', matching GIT others.)",GIT others p.4 calls misoprostol a synthetic PGE1 analog; book p.37 calls it a synthetic prostaglandin E2 analogue (book p.48 says PGE1).,Conflicting prostaglandin class; book is internally inconsistent (p.37 vs p.48),confirmed
PH-16,discrepancy,B3-D2,B · earlier-chapter additions,5,PPI + amoxicillin 1 g twice a day + levofloxacin 250 or 500 mg twice a day for 10 days,verbatim on page,Levofloxacin-based H. pylori regimen dosing,3,The Stomach and Duodenum,41,first-half,44,Eradication therapy > Rescue Therapy,"Book p.41: 'Implements quinolones (e.g., Levofloxacin 500 mg once daily + PPI + Amoxicillin) when standard first-line options fail.' (Book p.48 repeats GIT others wording verbatim: 'levofloxacin 250 or 500 mg twice a day for 10 days'.)",GIT others p.5 doses levofloxacin 250 or 500 mg twice daily for 10 days; book p.41 gives 500 mg once daily (book p.48 matches GIT others).,Different dosing frequency for the same regimen; book internally inconsistent (p.41 vs p.48),confirmed
PH-17,exclude,,,7,"Q1-Q6 (keys D,A,D,A,B,C): PPI advantages, enteric coating, timing before meals, H2 bioavailability, vonoprazan not prodrug, omeprazole blocks basal+meal secretion",summary (not verbatim),MCQ,3,The Stomach and Duodenum,45,first-half,48,Pharmacology of treatment of Gastritis and Peptic ulcer,"Keyed facts all in book pp.45-47 (e.g. 'Hypochlorhydria → ↑ Risk of infection', 'given in enteric-coated form', 'Not prodrug', '100% bioavailability (no 1st pass effect)')",,MCQ duplicate: keyed fact already in book,confirmed
PH-18,exclude,,,8,"Q7-Q10 (keys D,C,A,B): pantoprazole inhibits H+/K+ ATPase; famotidine blocks H2; PPI promotes healing; misoprostol diarrhea",summary (not verbatim),MCQ,3,The Stomach and Duodenum,45,first-half,48,Pharmacology of treatment of Gastritis and Peptic ulcer,'inhibits H+/K+ ATPase'; 'Followed by 4-6 weeks: PPI therapy to allow ulcer heal'; 'Diarrhea & colic (most common)',,MCQ duplicate: keyed fact already in book,confirmed
PH-19,exclude,,,9,"Q11-Q16 (keys D,D,C,A,B,A): sucralfate barrier; misoprostol NSAID-selective; bismuth ≤2 months; P-CAB PK; H2 nocturnal; clarithromycin",summary (not verbatim),MCQ,3,The Stomach and Duodenum,46,first-half,49,Pharmacology of treatment of Gastritis and Peptic ulcer,'→protective barrier'; 'Selective for NSAID-induced gastric ulcer if PPIs fail'; 'not give >2 months'; 'Potent inhibition of nocturnal or fasting',,MCQ duplicate: keyed fact already in book,confirmed
PH-20,exclude,,,10,"Q17-Q22 (keys D,B,C,D,C,A): bismuth anti-H. pylori; Mg diarrhea; PPI headache/dizziness/somnolence; NaHCO3 alkalosis; Al+Mg preferred; NaHCO3 rapid/potent",summary (not verbatim),MCQ,3,The Stomach and Duodenum,45,first-half,48,Pharmacology of treatment of Gastritis and Peptic ulcer,"'Anti- H pylori activity (main effect)'; 'Mg+2 Salts Disadvantage: diarrhea'; 'CNS: headache, dizziness, somnolence'; 'Systemic alkalosis on long term use'; 'Rapid onset. Potent'",,MCQ duplicate: keyed fact already in book,confirmed
PH-21,exclude,,,11,"Q23, Q26, Q27 (keys C,D,C): PPI 30 min before meals; vonoprazan reversible H+/K+ ATPase inhibitor; vonoprazan is a P-CAB",summary (not verbatim),MCQ,3,The Stomach and Duodenum,45,first-half,48,Pharmacology of treatment of Gastritis and Peptic ulcer,"'Should be taken 30 – 60 minutes before meals'; 'Competitive reversible PP inhibition'; 'Vonoprazan, revaprazan, tegoprazan'",,MCQ duplicate: keyed fact already in book,confirmed
PH-22,exclude,,,11,Q25 (key C): 'They block the potassium-binding site of the proton pump',summary (not verbatim),MCQ,3,The Stomach and Duodenum,46,first-half,49,Pharmacology of treatment of Gastritis and Peptic ulcer,'Potassium Competitive Acid Blockers (P-CAB) ... Competitive reversible PP inhibition' — K+-competitive action is the drug class's defining (named) mechanism,,MCQ duplicate: keyed fact already in book,confirmed
PH-23,exclude,,,12,Q28 (key A): 'P-CABs are more effective antisecretory drugs regardless food intake',summary (not verbatim),MCQ,3,The Stomach and Duodenum,46,first-half,49,Pharmacology of treatment of Gastritis and Peptic ulcer,'Acid stable (Taken before or after meals + Not need acid for activation)',,MCQ duplicate: keyed fact already in book,confirmed
PH-24,exclude,,,12,Q30 (key B): misoprostol increases mucosal blood flow through a vasodilator effect,summary (not verbatim),MCQ,3,The Stomach and Duodenum,48,first-half,51,Pharmacology of treatment of Gastritis and Peptic ulcer,'Synthetic PGE1 analog cytoprotective through: ... ↑ mucosal blood flow',,MCQ duplicate: keyed fact already in book,confirmed
PH-25,exclude,,,12,Q29 (key B): 'Excessive acid suppression leading to bacterial overgrowth.',summary (not verbatim),MCQ: over-suppression (P-CAB + H2 blocker) → bacterial overgrowth → diarrhea,5,Diarrhea and Malabsorption,88,first-half,91,Intestinal Bacterial Overgrowth,ch05 p.88 'Intestinal Bacterial Overgrowth ... HYPOCHLORHYDRIA Atrophic gastritis Proton-pump inhibitors'; ch03 p.45 'Hypochlorhydria → ↑ Risk of infection ... bacterial colonization',,MCQ duplicate: PPI/hypochlorhydria as cause of bacterial overgrowth already in book,confirmed
PH-26,include,B3-1,B · earlier-chapter additions,11,Which of the following is a potential long-term complication of chronic PPI use ... B. Osteoporosis. [Answer 24) B],verbatim on page,PPI long-term adverse effect: osteoporosis,3,The Stomach and Duodenum,45,first-half,48,1. Proton Pump Inhibitors > Adverse effects,"no mention found (grep -i: osteopor, fracture across ch*.txt — hits only in ch05/ch20/ch22/ch29 unrelated to PPIs); PPI adverse effects list p.45 ends at '4. Vitamin B12 deficiency (on long term use) 5. Enzyme inhibition'",Chronic (long-term) PPI use can cause osteoporosis.,Keyed MCQ answer (Q24 = B) explicitly given in GIT others; absent from the book's PPI adverse-effect list,confirmed
TU-01,exclude,,,13,Benign tumors of the esophagus are less common than malignant tumors. The most common are leiomyomas.,verbatim on page,Esophageal benign tumours,4,Pathology of GIT Tumours,71,first-half,74,Tumors of esophagus,Benign tumors of the esophagus are less common than malignant tumors. The most common are leiomyomas.,-,duplicate,confirmed
TU-02,exclude,,,13,2- Mesenchymal →(Sarcoma) e.g. Leiomyosarcoma (rare). Secondary Tumors (Rare in the esophagus),verbatim on page,Esophageal malignant tumour classification,4,Pathology of GIT Tumours,71,first-half,74,Tumors of esophagus,a. Carcinoma most common b. Lymphoma & other sarcomas rare,Leiomyosarcoma named as example sarcoma; secondaries rare.,low value; book already states sarcomas rare,confirmed
TU-03,exclude,,,13,"They present by esophageal obstruction, dysphagia, bleeding, or rarely, paraneoplastic syndrome. ... Prognosis ... (5 year cure rate about 10%).",verbatim on page,Esophageal carcinoma presentation/prognosis/diagnosis,4,Pathology of GIT Tumours,71,first-half,74,Tumors of esophagus,"They present by esophageal obstruction, dysphagia, bleeding, or rarely, paraneoplastic syndrome. Prognosis of esophageal carcinoma is usually poor (5 year cure rate about 10%)",-,duplicate (diagnosis by endoscopic biopsy/imaging also in Ch2 p.28-29),confirmed
TU-04,exclude,,,13,Squamous cell carcinoma - More prevalent worldwide 50% in middle 1/3 ... Adenocarcinoma - More common in USA - More in lower 1/3,verbatim on page,"SCC vs adenocarcinoma epidemiology, risk factors",4,Pathology of GIT Tumours,71,first-half,74,Carcinoma of esophagus,"Squamous cell carcinoma - More prevalent worldwide 50% in middle 1/3 ... Risk factors: long-standing esophagitis, achalasia, smoking, alcohol, diet (low vitamins and zinc), genetics",-,duplicate,confirmed
TU-05,exclude,,,13,1. Exophytic ... 2. Ulcerative type ... 3. Endophytic - Infiltrating (Schirrhous) ... (Is the least frequent type).,verbatim on page,Esophageal carcinoma gross,4,Pathology of GIT Tumours,71,first-half,74,Gross Pathology,"1. Exophytic (Polypoid or Fungating)... 3. Infiltrating (Schirrhous) tumor encircling the tube, also called (Annular)",-,duplicate,confirmed
TU-06,include,B4-1,B · earlier-chapter additions,14,The tumor is composed of islands of neoplastic squamous cells. with epithelial cell nests in differentiated tumor.,verbatim on page,Esophageal SCC microscopy,4,Pathology of GIT Tumours,71,first-half,74,Histopathology — 1. Squamous Cell Carcinoma,"no mention found (grep: islands, nests, pearl) — book: '1. Squamous Cell Carcinoma: Occur in >90 % of cases.'","Microscopically, esophageal SCC consists of islands of neoplastic squamous cells, with epithelial cell nests in differentiated tumours.",histologic description absent from Ch4 and Ch2,confirmed
TU-07,include,B4-2,B · earlier-chapter additions,14,Effects & Complication: Dysphagia. Perforation of ulcer with fatal haemorrhage. Hematemesis.,verbatim on page,Esophageal carcinoma complications,4,Pathology of GIT Tumours,71,first-half,74,"Histopathology (esophagus), new 'Effects & complications' line","no mention found (grep: fatal, perforation in tumour context); Ch2 p.28 lists dysphagia and 'Hematemesis: bleeding malignant tissues'","Complication: perforation of a malignant esophageal ulcer can cause fatal haemorrhage (dysphagia, hematemesis already in book).",only the perforation/fatal haemorrhage detail is incremental; also fits Ch2 clinical picture p.28,confirmed
TU-08,exclude,,,14,"Spread: Locally. Lymphatic. Blood, in late stage.",verbatim on page,Esophageal carcinoma spread,2,The Esophagus,27,first-half,30,Spread,B. Blood : late: to lung – liver – bone – brain.,-,duplicate,confirmed
TU-09,exclude,,,14,"Hyperplastic polyps (70%), Fundic gland polyps (20%), Adenomatous polyps (10%)... can be removed endoscopically",summary (not verbatim),Gastric polyps,4,Pathology of GIT Tumours,72,first-half,75,Gastric tumors — Benign Neoplasms,"1- Hyperplastic polyps (70%), 2- Fundic gland polyps (20%), 3- Adenomatous polyps (10%)...",-,duplicate,confirmed
TU-10,exclude,,,15,"Sex: male > female - Geography: Japan, Chile, Iceland - Age > 50. ... Blood group A = 20% increased risk",verbatim on page,Gastric adenocarcinoma epidemiology,4,Pathology of GIT Tumours,72,first-half,75,Gastric Adenocarcinoma — Predisposing factors,"Sex: male > female Geography: Japan, Chile, Iceland Age > 50 Blood group A = 20% increased risk",-,duplicate,confirmed
TU-11,exclude,,,15,"Related to the socio-economic factors. Genetic factors. Dietary factors: foods that may Generate nitrites (smoked foods, pickled vegetables and excessive salt intake).",verbatim on page,Gastric cancer diet/socio-economic,3,The Stomach and Duodenum,62,first-half,65,Predisposing factors,"Dietetic: spicy foods, excess salt intake, foods contain N-nitrosamine preservatives; Ch4 p72: diet (nitrites, smoked food, increased salt)",Pickled vegetables; socio-economic link.,duplicate in substance; residual items low value,confirmed
TU-12,include,B4-3,B · earlier-chapter additions,15,H. Pylori infection →Gastritis →Atrophic gastritis →Intestinal metaplasia → Dysplasia →Cancer. ... Precancerous lesions ... 1- Intestinal metaplasia ... 2- Peptic ulcer ... 3- Adenomatous polyp. 4- Chronic Gastritis,verbatim on page,H. pylori carcinogenic sequence / precancerous lesions,4,Pathology of GIT Tumours,72,first-half,75,Gastric Adenocarcinoma — Predisposing factors,"Intestinal-type ... chronic gastritis (H. pylori) ... On top of intestinal metaplasia; Ch3 p62: 'Benign gastric ulcer – gastric polyp'; no stepwise sequence found (grep: dysplasia, atrophic gastritis → )",Stepwise H. pylori pathway: gastritis → atrophic gastritis → intestinal metaplasia → dysplasia → gastric cancer; intestinal metaplasia is listed as a precancerous (dysplastic) lesion.,sequence absent; individual risk factors already in Ch3/Ch4,confirmed
TU-13,discrepancy,B3-D3,B · earlier-chapter additions,15,The favoured location is the Pyloric Region (50%). Followed by lesser curvature (25%).,verbatim on page,Gastric cancer site,3,The Stomach and Duodenum,62,first-half,65,Cancer stomach — Site,"Antrum, pyloric area → 60% Body: 15 % Fundus: 25%","GIT others: pyloric region 50%, then lesser curvature 25%. Book: antrum/pyloric 60%, body 15%, fundus 25%.",different site percentages (others p.15 vs book Ch3 p.62); Ch4 has no site data,confirmed
TU-14,exclude,,,16,Early gastric cancer... Late gastric cancer ... (1) Exophytic ... (3) Diffusely infiltrating ... linitis plastica,verbatim on page,"Gastric cancer gross (early/late, exophytic, linitis)",4,Pathology of GIT Tumours,72,first-half,75,Grossly it may appear as,"Early gastric cancer. defined as gastric carcinoma restricted to the mucosa and submucosa ... (1) Fungating mass ... (3) Diffusely infiltrating lesion ... (linitis plastica, or leather bottle stomach)",-,duplicate,confirmed
TU-15,include,B4-5,B · earlier-chapter additions,16,"(2) Ulcerative: the ulcer is more than 5 cm, with everted edge, necrotic floor and firm base.",verbatim on page,Malignant gastric ulcer size,4,Pathology of GIT Tumours,72,first-half,75,Late gastric cancer — (2) Malignant ulcer,"(2) Malignant ulcer with raised, everted edges","The malignant ulcerative form of late gastric cancer is typically >5 cm, with necrotic floor and firm base.",size (>5 cm) and floor/base description absent,confirmed
TU-16,include,B4-4,B · earlier-chapter additions,16,Lauren Classification: Intestinal Type →(53%). Diffuse Type →(33%). Unclassified →(14%).,verbatim on page,Lauren classification,4,Pathology of GIT Tumours,72,first-half,75,It may take one of two types,It may take one of two types 1- Intestinal-type ... Diffuse-type (no Lauren name/percentages; grep: lauren),"The two types belong to the Lauren classification: intestinal ~53%, diffuse ~33%, unclassified ~14%.",name and relative frequencies absent,confirmed
TU-17,exclude,,,16,Intestinal-type: Risk factors: diet ... On top of intestinal metaplasia. Glandular morphology. Diffuse-type: Undefined risk factors ... Signet cell morphology,summary (not verbatim),Intestinal vs diffuse type,4,Pathology of GIT Tumours,72,first-half,75,Intestinal-type / Diffuse-type,"Risk factors: diet (nitrites, smoked food, increased salt)... On top of intestinal metaplasia ... Signet cell morphology",-,duplicate,confirmed
TU-18,exclude,,,16,"A) Direct spread ... (esophagus, duodenum, omentum, liver & rarely to the spleen). B) Lymphatic ... Greater & Lesser Curvatures, Para Aortic & Supra-clavicular",verbatim on page,Gastric cancer direct/lymphatic spread,3,The Stomach and Duodenum,62,first-half,65,Spread,"infiltrates the nearby structures as spleen, liver, colon and pancreas; Left gastric, right gastric, gastro-epiploic, pyloric L.N. Celiac L.N. → Thoracic duct → left supraclavicular",Duodenum/omentum; para-aortic nodes.,largely duplicate; residual items low value,confirmed
TU-19,include,B4-6,B · earlier-chapter additions,16,"C) Blood stream to the Liver, Lung, Bone, Brain.",verbatim on page,Gastric cancer blood spread,4,Pathology of GIT Tumours,73,first-half,76,Spread of gastric carcinoma — Blood spread,Blood spread: . Liver (Ch3 p62: Blood spread mainly to the liver (portal circulation)),"Beyond the liver, blood-borne gastric cancer metastases reach lung, bone and brain.",book lists liver only for gastric cancer,confirmed
TU-20,exclude,,,16,D) Transcoelomic implantation over the peritoneal surface to the Ovary (Krukenberg tumor).,verbatim on page,Krukenberg,4,Pathology of GIT Tumours,73,first-half,76,Spread of gastric carcinoma,"Transcoelomic, ovary (Krukenberg) , peritoneal implants",-,duplicate,confirmed
TU-21,exclude,,,17,Tumors of all types are not very common in small intestine. Epithelial tumors are Common in large intestine.,verbatim on page,Small intestinal tumours,4,Pathology of GIT Tumours,73,first-half,76,Tumors of the Colon and Rectum,no mention found (grep: small intestine tumour),-,low value general statement,confirmed
TU-22,exclude,,,17,"Benign Tumors 1. Familial Polyposis Syndrome. 2. Adenoma (Tubular, Villous, Tubulo-villous) Malignant 1- Carcinoma 2- Lymphoma & sarcoma",verbatim on page,Large-bowel tumour classification,4,Pathology of GIT Tumours,73,first-half,76,Tumors of the Colon and Rectum,1- Tubular adenomas ... 2- Tubulo -villous ... 3- Villous; p74: I- Epithelial Adenocarcinoma ... II- Mesenchymal - GIST - Lymphoma,-,duplicate,confirmed
TU-23,include,B4-7,B · earlier-chapter additions,17,Age > 60. More common in large intestine. There is a well-defined familial predisposition. Predispose to colorectal Carcinoma,verbatim on page,Colonic adenoma epidemiology,4,Pathology of GIT Tumours,73,first-half,76,Neoplastic adenomatous polyp of the colon,Adenomas of the colon are present in 20–30% of all individuals over the age of 50 years. (grep: familial predisposition — none),Colonic adenomas show a well-defined familial predisposition (and predispose to colorectal carcinoma).,"Central review: include the familial predisposition only. The GIT Others 'Age > 60' is left out because the book already gives adenoma prevalence (20-30% over age 50), and adding it would confuse rather than add.",changed
TU-24,exclude,,,17,Tubular adenomas ... over 90% ... 10–20 lesions ... pedunculated ... dysplastic (hyperchromatic and stratified ...),verbatim on page,Tubular adenoma features,4,Pathology of GIT Tumours,73,first-half,76,Tubular adenoma,"Tubular adenomas account for over 90% of colonic adenomas. They are commonly multiple, with 10–20 lesions ... The epithelial cells are dysplastic",-,duplicate,confirmed
TU-25,include,B4-8,B · earlier-chapter additions,18,"Villous Adenomas ... Large > 2cm, Solitary, Sessile ... Tubular Adenomas ... Small < 1cm, Multiple, Pedunculated ... Dysplasia & cancer is rare.",summary (not verbatim),Tubular vs villous: size & malignant risk,4,Pathology of GIT Tumours,73,first-half,76,Villous Adenoma / Tubular adenoma,"Villous adenomas are uncommon ... single large, sessile lesion (no sizes or cancer-risk comparison found; grep: 2 cm, 1cm, 40%)","Size criteria: villous adenomas usually >2 cm, tubular <1 cm. Dysplasia/cancer is rare in tubular adenomas but high (~40%) in villous adenomas (GIT others ties the 40% to villous adenomas >4 cm in its table).",sizes and comparative malignant risk absent; note source itself states 40% both generally (text) and for >4 cm (table),changed
TU-26,exclude,,,18,"3- Tubulo-villous adenomas: Pedunculated, Composed of a mix of tubular & villous areas.",verbatim on page,Tubulovillous adenoma,14,Polyposis of Colon,190,first-half,193,Tubulo-villous adenoma,Tubulo-villous adenoma: characteristics in-between the tubular and villous adenoma.,-,duplicate in substance,confirmed
TU-27,exclude,,,18,Colonic adenomas are associated with genetic mutations identical to those seen in colon cancer...,verbatim on page,Adenoma mutations; inherited polyposis syndromes list,4,Pathology of GIT Tumours,73,first-half,76,Neoplastic adenomatous polyp of the colon,Colonic adenomas are associated with genetic mutations identical to those seen in colon cancer...,-,duplicate,confirmed
TU-28,exclude,,,19,"Autosomal dominant ... Average onset is 25 years ... A minimum number of 100 ... chromosome 5q21, APC ... virtually 100% will develop cancer within 10 to 15 years unless a prophylactic colectomy",verbatim on page,FAP core facts,4,Pathology of GIT Tumours,74,first-half,77,Familial Adenomatous Polyposis (FAP),"Autosomal dominant - average onset is 25 years old ... Minimum of 100 polyps ... 5q21, APC ... virtually 100% will develop cancer within 10 to 15 years; Ch14 p192: Surgery is mandatory",-,duplicate,confirmed
TU-29,include,B14-1,B · earlier-chapter additions,19,Most polyps are tubular adenoma.,verbatim on page,FAP polyp histology,14,Polyposis of Colon,190,first-half,193,Familial Polyposis Coli — These are adenomatous polyps,These are adenomatous polyps. (grep: tubular adenoma in FAP context — none),"In FAP, most of the polyps are tubular adenomas.",histologic subtype of FAP polyps absent,confirmed
TU-30,include,A15-1,A · after mid-module,19,A great majority (98%) of all cancers in the large intestine are adenocarcinoma.,verbatim on page,Proportion adenocarcinoma,15,Colorectal Cancer,196,first-half,199,Microscopic picture — Adenocarcinoma,More than 90% of colorectal carcinomas are adenocarcinomas,Adenocarcinoma accounts for ~98% of large-intestinal cancers (more precise than book's '>90%').,"more precise figure; compatible with book, not contradictory",confirmed
TU-31,discrepancy,A15-D1,A · after mid-module,19,Prevalent in males twice as common as in females. Age of 50-70 years.,verbatim on page,Colorectal carcinoma age,15,Colorectal Cancer,196,first-half,199,Adenocarcinoma — Incidence,Primarily occurs in patients between 60 and 79 years of age,GIT others p.19: age 50–70 years (its own p.20 repeats 60–79). Book Ch4 p.74: 60–79 years; Ch15 p.196: 'old age'.,"Central review: placed in Ch 15 (the colorectal teaching chapter, which has an 'Age' heading on p.196). Also cites Ch 4 p.74 (60-79). GIT Others p.19 (50-70) contradicts its own p.20 (60-79).",changed
TU-32,include,A15-3,A · after mid-module,19,"Predisposing Factors: Adenoma ... Familial polyposis. IBD ... Irradiation. Mutations ... Risk factors low fiber, high fat Diet, Decreased Vit A, C, E, Increased meat consumption",verbatim on page,Colorectal cancer predisposing factors,15,Colorectal Cancer,196,first-half,199,Aetiology — 1- Predisposing factors,"Ch15: Red meat, processed meat, fatty meals ... FPC ... IBD ... Adenomatous polyp; Ch4 p74: low fiber, high fat, decreased vit A, C, E ... APC, k-ras, p53; DNA mismatch repair (grep irradiat: none for CRC)",Prior irradiation is a predisposing factor for colorectal carcinoma.,only irradiation is absent,confirmed
TU-33,exclude,,,20,"Survival: depends on stage ... Ratio of male to female patients 2:1 for rectal cancers, 1:1 before 50",verbatim on page,CRC survival/sex ratio,4,Pathology of GIT Tumours,74,first-half,77,Adenocarcinoma,"-Survival depends on stage ... Ratio of male to female patients 2:1 for rectal cancers, 1:1 before 50)",-,duplicate,confirmed
TU-34,exclude,,,20,Rectum and distal sigmoid (50%) Caecum & Ascending colon (25%) Descending colon & proximal sigmoid (20%) The Remainder 5%,verbatim on page,CRC site distribution,15,Colorectal Cancer,197,first-half,200,Incidence of colorectal cancer in different parts,"Figure 15.2 'Distribution of colorectal cancer' (figure labels, checked on the rendered page): rectum 27%, sigmoid colon 20%, caecum 14%, ascending colon 8%, rectosigmoid junction 7%, transverse 5%, hepatic flexure 3%, descending 3%, splenic flexure 2%, anus 2%, appendix 1%.","Site frequencies: rectum + distal sigmoid ~50%, caecum + ascending colon ~25%, descending + proximal sigmoid ~20%, rest of colon ~5%.","Central review: Figure 15.2 on book p.197 already gives the per-segment distribution (rectum 27%, sigmoid 20%, caecum 14%, ascending colon 8% ...). The GIT Others values group segments differently and teach nothing new.",changed
TU-35,exclude,,,20,Exophytic ... usually in the proximal colon ... Obstruction is uncommon ... 2. Ulcerating ... 3. Infiltrating (Annular).,verbatim on page,CRC gross shapes,15,Colorectal Cancer,200,second-half,4,Macroscopic picture,The right colon is larger in diameter ... The cancer comes more in the form of mass or ulcer; Ch4 p74: Fungating -Ulcerating or infiltrating (annular),-,duplicate (Ch15 right vs left colon),confirmed
TU-36,include,A15-2,A · after mid-module,20,B- Signet ring cell carcinoma: malignant cells show intracytoplasmic mucin pushes the nuclei eccentrically. ... 3. Undifferentiated Schirrhous carcinoma.,verbatim on page,CRC histological variants,15,Colorectal Cancer,196,first-half,199,Microscopic picture — Mucinous adenocarcinoma,Mucinous adenocarcinoma (>50% mucinous material) ia a variant of adenocarcinoma; Grade 3: Undifferentiated (grep signet: only gastric diffuse type Ch4 p73),Signet ring cell carcinoma is a mucinous variant of colorectal adenocarcinoma: intracytoplasmic mucin pushes the nucleus to one side (mucinous adenocarcinoma = extracellular mucin).,signet ring variant of colon absent,confirmed
TU-37,exclude,,,20,"Glands have lost polarity ... desmoplastic stroma ... in 10-15% of patients, mucin lakes",verbatim on page,CRC histology,4,Pathology of GIT Tumours,74,first-half,77,Histopathology,Glands have lost polarity ... mucin lakes can be seen.,-,duplicate,confirmed
TU-38,exclude,,,21,25% of patients have metastatic disease at presentation. ... Increased serum CEA,verbatim on page,CRC course and diagnosis,4,Pathology of GIT Tumours,75,first-half,78,Course / Diagnosis,25% of patients have metastatic disease at presentation ... Increased serum CEA which is more valuable in follow up,-,duplicate,confirmed
TU-39,exclude,,,21,"Sheets of monotonous, polyhydral cells Separated by Fibrovascular stroma with deeply stained nuclei.",verbatim on page,Carcinoid,4,Pathology of GIT Tumours,75,first-half,78,Intestinal carcinoid,"Sheets of monotonous, polyhydral cells with deeply stained nuclei ... firm and yellow ... 25%",Cells separated by fibrovascular stroma.,otherwise duplicate; residual detail low value,confirmed
TU-40,exclude,,,21,GISTs are the most common mesenchymal neoplasms ... interstitial cell of Cajal ... Spindle ... Epithelioid,summary (not verbatim),GIST,4,Pathology of GIT Tumours,75,first-half,78,Gastrointestinal stromal tumor (GIST),Gastrointestinal stromal tumors are the most common mesenchymal neoplasms ... interstitial cell of Cajal ... 1-Spindle cell ... 2- Epithelioid,-,duplicate,confirmed
FI-01,exclude,,,22,"Foodborn illness: are infections caused by a variety of microorganisms mainly Salmonella, Clostridium perfringens, Campylobacter, and Staphylococcus aureus norovirus.",verbatim on page,Foodborne illness definition,7,Foodborn Infection,107,first-half,110,Foodborn Infection (intro),"Foodborne illness: are infections caused by a variety of microorganisms mainly Salmonella, Clostridium perfringens, Campylobacter, and Staphylococcus aureus Norovirus",—,duplicate,confirmed
FI-02,include,B7-1,B · earlier-chapter additions,22,Poultry are the primary reservoirs,verbatim on page,Salmonella reservoir,7,Foodborn Infection,107,first-half,110,Salmonella – Acute gastroenteritis (contaminated eggs),"no mention found (grep: poultry, reservoir — poultry appears only for Campylobacter)",Poultry are the primary reservoir of (non-typhoidal) Salmonella causing acute gastroenteritis.,Absent; reservoir is a consequential epidemiological fact within covered Salmonella topic,confirmed
FI-03,include,B7-2,B · earlier-chapter additions,22,"Facultative anaerobes ,grow well at 37ºC after 24 hours. MacConkey agar: non-lactose fermenters (pale yellow colonies).",verbatim on page,Salmonella culture conditions,7,Foodborn Infection,107,first-half,110,Salmonella – Culture,"Culture: non-lactose fermenter on MacConkey agar .Special culture media include SS agar , deoxycholate citrate agar (DCA) and broth selenite and tetrathionate",Salmonella is a facultative anaerobe growing well at 37 °C in 24 h; non-lactose-fermenting colonies on MacConkey appear pale (pale yellow).,"Partial: book gives media only; oxygen requirement/growth conditions absent (grep: facultative anaerob, 37)",confirmed
FI-04,exclude,,,22,SS agar and deoxycholate citrate agar (DCA) and broth selenite and tetrathionate are used for its isolation.,verbatim on page,Salmonella selective media,7,Foodborn Infection,107,first-half,110,Salmonella – Culture,"Special culture media include SS agar , deoxycholate citrate agar (DCA) and broth selenite and tetrathionate",—,duplicate,confirmed
FI-05,include,B7-2,B · earlier-chapter additions,22,Partial sugar fermentation with the production of acid and gas by most species except S.typhi which produce acid only.,verbatim on page,Salmonella biochemistry – S. typhi,7,Foodborn Infection,107,first-half,110,Salmonella – Biochemical reactions,"Biochemical reactions: partial sugar fermentation ,urease negative ,oxidase negative, and H2S positive",Most Salmonella species ferment sugars with acid AND gas; S. typhi produces acid only (no gas) — a distinguishing feature of S. typhi.,"Partial: acid/gas vs acid-only distinction absent (grep: acid only, acid and gas)",confirmed
FI-06,exclude,,,22,O (somatic) antigens ... H antigen (flagella) ... Virulent antigen (Vi Ag) is anti-phagocytic and is present only in S. typhi. Pathogenesis ... endotoxins and exotoxins. Resistance: Killed by heating at 60◦C for 30 min ... Resistant to the action of bile salts.,summary (not verbatim),"Salmonella antigens, toxins, resistance",7,Foodborn Infection,107,first-half,110,Salmonella – Antigenic structure / Resistance,Antigenic structure: O (somatic) antigens ... Virulent antigen (Vi Ag) is anti-phagocytic and is present only in S. typhi. ... Resistance:Killed by heating at 60°C for 30 min ... Resist the action of bile salts.,—,duplicate,confirmed
FI-07,exclude,,,23,Enteric fever is caused by S. typhi and the milder paratyphoid fever ... generalized infection of reticuloendothelial system ... endemic in Egypt.,verbatim on page,Enteric fever definition,7,Foodborn Infection,107,first-half,110,Diseases caused by Salmonella – Enteric fever,"Enteric fever is caused by S. typhi and the milder paratyphoid fever is caused by Paratyphi A, B and C. Enteric fever is defined as generalized infection of reticuloendothelial system",—,duplicate,confirmed
FI-08,exclude,,,23,The organism adhere to the mucosa of small intestine by pili then penetrate to submucosal layer causing no lesion. ... transported to the gall bladder to be excreted with bile.,verbatim on page,Enteric fever pathogenesis,7,Foodborn Infection,108,first-half,111,Enteric fever – Pathogenesis,The organism adhere to the mucosa of small intestine by pili then penetrate to submucosal layer causing no lesion. In lymphoid tissue the organism invade macrophages,—,duplicate,confirmed
FI-09,exclude,,,23,The incubation period of the disease is 10-14 days. ... white cell count is normal or low. ... 5% of patients cured from typhoid remain carriers ... Urinary carriers are common in Egypt because of bilharziasis.,verbatim on page,Enteric fever clinical course and carriers,7,Foodborn Infection,108,first-half,111,Enteric fever – Outcome,The incubation period of the disease is 10-14 days ... The white cell count is normal or low. ... Outcome: 5% of patients cured from typhoid remain carriers ... Urinary carriers are common in Egypt because of bilharziasis.,—,duplicate,confirmed
FI-10,include,B7-3,B · earlier-chapter additions,24,During the first week by doing blood culture in fluid media and then subculture on solid media mainly MacConkeys media at 37ºC.,verbatim on page,Enteric fever – blood culture technique,7,Foodborn Infection,109,first-half,112,Laboratory diagnosis – A. Isolation of Salmonella (first week),A- Isolation of Salmonella during the first week by doing blood culture,"First-week blood culture is done in fluid (broth) media, then subcultured on solid media (mainly MacConkey) at 37 °C.","Partial: book states blood culture only; broth-then-subculture method absent (grep: fluid media, subculture)",confirmed
FI-11,exclude,,,24,"Second week , Salmonella is isolated from stool and after the second week from urine by direct culture on selective media.",verbatim on page,Enteric fever – stool/urine culture timing,7,Foodborn Infection,109,first-half,112,Laboratory diagnosis – B,"B- Second week , Salmonella is isolated from stool and after the second week from urine by direct culture on selective media.",—,duplicate,confirmed
FI-12,exclude,,,24,This test demonstrates agglutination of serum antibodies ... Antibodies rise sharply during the second and third weeks ... The presence of IgM is indicative of acute recent infections.,verbatim on page,Widal test principle,7,Foodborn Infection,109,first-half,112,Laboratory diagnosis – Widal test,C- Serological diagnosis by Widal agglutination test:This test demonstrates agglutination ... Antibodies rise sharply during the second and third weeks ... The presence of IgM is indicative of acute recent infections.,—,duplicate,confirmed
FI-13,discrepancy,B7-D1,B · earlier-chapter additions,24,5- More than one H antigen (≥1:160) suggest recent infection with this type of Salmonella and recent immunization.,verbatim on page,Widal interpretation – H antibodies,7,Foodborn Infection,109,first-half,112,Interpretation of Widal test,2- High titer of antibody to one type of H antigen (≥1:160) suggest recent infection with this type of Salmonella. ... 4- High titer of antibodies to O antigens and more than one H antigen indicate recent immunization.,Sources differ: GIT others links a high titre to MORE THAN ONE H antigen with both recent infection with that type and recent immunization; the book assigns ONE H type to recent infection and O + more than one H to recent immunization. (GIT others list items 1–2 are truncated: '1- infection is present. 2- infection with this type of Salmonella.'),Conflicting interpretation wording; GIT others p.24 appears garbled/merged vs book p.109 — do not pick one,confirmed
FI-14,exclude,,,24,High titer of antibodies to O antigens (≥1:160) suggests that active infection is present. ... High titer of antibody to the Vi antigen occur in some carriers. With old immunization or past infection O antibodies disappear,verbatim on page,Widal interpretation – O and Vi,7,Foodborn Infection,109,first-half,112,Interpretation of Widal test,1- High or rising titer of antibody to O antigens (≥1:160) suggests that active infection is present. ... 3- High titer of antibody to the Vi antigen occur in some carriers. ... With old immunization or past infection O antibodies disappear,—,duplicate,confirmed
FI-15,exclude,,,24,False positive results may occur ... False negative in case of administration of antibiotics ... Antibiotics may be not effective on Salmonella carriage due to hidden carriage site.,verbatim on page,Widal limitations; carrier treatment,7,Foodborn Infection,109,first-half,112,Widal test limitations,"False positive results may occur in an endemic area, immunization with any typhoid vaccine ... 2- False negative in case of administration of antibiotics ... Antibiotics may be not effective on Salmonella carriage because the site of carriage may not allow penetration",—,duplicate,confirmed
FI-16,include,B7-4,B · earlier-chapter additions,25,"Food handlers are examined to diagnose carriers, treat them or excluding them from handling food.",verbatim on page,Typhoid prevention – food handlers,7,Foodborn Infection,109,first-half,112,Enteric fever – Prevention and Control,Prevention and Control by 1- Immunization: several typhoid vaccines are available for use : (no food-handler item; grep: food handler → only S. aureus source of contamination p.112),"Typhoid control includes examining food handlers to detect carriers, then treating them or excluding them from food handling.","Absent from book's typhoid Prevention list, which starts directly with immunization",confirmed
FI-17,exclude,,,25,Parenteral heat-phenol-inactivated vaccine ... TAB vaccine ... 2 subcutaneous (SC) doses ... Living vaccine should not be given to children younger than 6 years ... Vi capsular polysaccharide (ViCPS),verbatim on page,Typhoid vaccines,7,Foodborn Infection,110,first-half,113,Prevention – Immunization,"a. Parenteral heat-phenol-inactivated vaccine contains S.typhi and paratyphi A,B,,C hence the name TAB vaccine . The vaccine is given as 2 subcutaneous (SC) doses.",—,duplicate,confirmed
FI-18,include,B7-5,B · earlier-chapter additions,25,"It last for 2-5 days, spontaneous cure usually occurs.",verbatim on page,S. typhimurium food poisoning outcome,7,Foodborn Infection,110,first-half,113,Salmonella food poisoning – a. S. typhimurium,"Symptoms (diarrhea, vomiting, fever) appear after 12-24 hours following ingestion of meat contaminated with rat excreta ... It last for 2-5 days.",S. typhimurium food poisoning is self-limiting: spontaneous cure usually occurs.,Partial: book gives duration but omits spontaneous cure (grep: spontaneous cure),confirmed
FI-19,exclude,,,25,Salmonella enteritidis infection or Egg-associated salmonellosis ... Incubation period from 12 to 72 hours ... lasts 4 to 7 days,verbatim on page,S. enteritidis,7,Foodborn Infection,110,first-half,113,Salmonella food poisoning – b,b- Salmonella enteritidis infection or Egg-associated salmonellosis ... Incubation period from 12 to 72 hours ... The illness usually lasts 4 to 7 days,—,duplicate,confirmed
FI-20,exclude,,,26,"Campylobacter jejuni (poultry; humans) ... gull-winged ... darting motility ... Micro-aerophilic and capnophilic (CO2 :10%) ... 42ºC ... Skirrows medium ... Oxidase positive, catalase positive",verbatim on page,"Campylobacter morphology, culture, biochemistry",7,Foodborn Infection,110,first-half,113,Campylobacter,Morphology: They are gram negative curved bacilli (S-shaped or “gull-winged” appearance) ... Culture: Micro-aerophilic thermophilic and capnophilic (CO2 :10%) on Selective media ... Skirrows medium at 42ºC,—,duplicate,confirmed
FI-21,exclude,,,26,Virulence factors ... Transmission: feco-oral ... Children under 5 years ... Incubation period of 1-7 days ... Bacteremia is common,verbatim on page,Campylobacter pathogenesis and clinical,7,Foodborn Infection,110,first-half,113,Campylobacter – Pathogenesis,Pathogenesis: Virulence factors include ... Transmission: feco-oral route ... Incubation period of 1-7 days with acute onset ... Bacteremia is common,—,duplicate,confirmed
FI-22,exclude,,,27,Guillian-Barre Syndrome. Reiter's syndrome. reactive arthritis. spontaneous abortion.,verbatim on page,Campylobacter late complications,7,Foodborn Infection,111,first-half,114,Campylobacter – Complications,Important late onset complications following gastroenteritis include: Guillain- Barre Syndrome; Reiter’s syndrome; reactive arthritis and spontaneous abortion .,—,duplicate,confirmed
FI-23,include,B7-6,B · earlier-chapter additions,27,"Rectal swab: Care to avoid oxygen exposure ... Darting motility in wet mount preparation under dark field illumination. ... Identification of isolated colonies is done on the basis of, biotyping ,serotyping, phage typing.",verbatim on page,Campylobacter lab diagnosis details,7,Foodborn Infection,111,first-half,114,Campylobacter – Laboratory diagnosis,Care to avoid oxygen exposure while taking sample or better a special transport medium is used. A- Direct examination: by Gram stain and observation of darting motility in wet mount preparation B-Culture: on Skirrows medium.,"Campylobacter: a rectal swab is an acceptable specimen; darting motility is seen in wet mount under dark-field illumination; isolated colonies are identified by biotyping, serotyping and phage typing.",Central review: the Gram-smear 'curved/S-shaped bacilli' point was dropped because book p.110 morphology already states it.,changed
FI-24,exclude,,,27,Fluoroquinolone resistance has developed rapidly ... inherently resistant to trimethoprim and most cephalosporins.,verbatim on page,Campylobacter antibiotic resistance,7,Foodborn Infection,111,first-half,114,Campylobacter – Antibiotic resistance,Antibiotic resistance: Fluoroquinolone resistance has developed rapidly related to unrestricted use and the use of enrofloxacin in poultry.,—,duplicate,confirmed
FI-25,exclude,,,27,"Brucella is the cause of brucellosis ... Brucella abortus (cattle), Brucella melintensis ... Species are differentiated by production of urease and H2S ... Morphology: Gram-negative small bacilli ... Biochemical reactions: Positive for catalase, oxidase ,urease",verbatim on page,"Brucella species, morphology, biochemistry",7,Foodborn Infection,111,first-half,114,Brucella,"Brucella is the cause of brucellosis, a zoonotic disease ... Species are differentiated by production of urease and H2S ... Biochemical reactions: Positive for catalase, oxidase ,urease and reduce nitrates.",—,duplicate,confirmed
FI-26,include,B7-7,B · earlier-chapter additions,27,"Culture: Aerobic, 10% CO2 require enriched media containing serum",verbatim on page,Brucella culture atmosphere,7,Foodborn Infection,111,first-half,114,Brucella – Culture,"Culture: Aerobic, require enriched media containing serum e.g. serum dextrose agar. Colonies appear after 48 to 72 hours.",Brucella culture requires 10% CO2 (in addition to aerobic conditions and serum-enriched media).,Partial: CO2 requirement omitted from book's Brucella culture line,confirmed
FI-27,exclude,,,28,Brucellosis (Malta fever or undulant fever) ... bouts of fever 3-4 weeks ... Transmission ... Blood culture is the method of choice early ... 4-6 weeks ... urease test ... Serology ... prozone ... 1:20 to 1:520 ... Brucellin test ... Treatment: combinations of antibiotics for 4 to 6 weeks.,summary (not verbatim),"Brucellosis clinical, diagnosis, prevention, treatment",7,Foodborn Infection,111,first-half,114,Brucellosis,Brucellosis (Malta fever or undulant fever) ... A- Culture:Blood culture is the method of choice early in the disease ... B- Serology: Is the main method ... Dilutions are done from 1:20 to 1:520 ... Treatment: using combinations of antibiotics for 4 to 6 weeks.,—,duplicate,confirmed
FI-28,exclude,,,29,"Staphylococcal enterotoxins do not change the taste ... heat stable for 30 minutes of boiling ... incubation period is short ,1-6 hours ... mannitol-salt agar ... phage typing and PCR.",verbatim on page,S. aureus food poisoning,7,Foodborn Infection,112,first-half,115,Food born poisoning – Staphylococcus aureus,"Staphylococcal enterotoxins do not change the taste, color or odor of food. They are heat stable for 30 minutes of boiling ... The incubation period is short ,1-6 hours",—,duplicate,confirmed
FI-29,exclude,,,29,B.cereus cause two forms of food poisoning ... emetic ... cooked rice ... 1-6 hours ... diarrheal form ... heat labile enterotoxin ... 8-16 hours ... adenylate cyclase,verbatim on page,Bacillus cereus,7,Foodborn Infection,112,first-half,115,Spore forming gram positive bacilli – B. cereus,1. B.cereus cause two forms of food poisoning a. The “short-incubation” or emetic form ... b. The “long-incubation” or diarrheal form: caused by heat labile enterotoxin ... 8-16 hours.,—,duplicate,confirmed
FI-30,exclude,,,30,"Toxin is produced within the contaminated canned food ... inhibits the release of acetylcholine ... Antitoxin is only effective ... within 12 h ... Trivalent anti-toxin serum (types A,B and E) ... Antibiotics are not used ... Swollen cans must be discarded.",verbatim on page,Botulism,7,Foodborn Infection,113,first-half,116,Clostridium botulinum,"Transmission and pathogenesis : Toxin is produced within the contaminated canned food ... Trivalent anti-toxin serum(types A,B and E) is given IV ... Antibiotics are not used to treat botulism, Prevention: Swollen cans must be discarded.",—,duplicate,confirmed
FI-31,exclude,,,31,Leptospira are spirochetes ... dark-field microscopy ... Stuart 's media ... Incubation period: 4-14 days. It is a biphasic disease ... hepatitis and jaundice ... meningitis ( in 40% ) ... blood for the first 7 to 10 days ... no human vaccines,verbatim on page,Leptospirosis (incl. hepatic involvement),7,Foodborn Infection,113,first-half,116,Other GIT pathogens – Leptospirosis,"Leptospirosis (Weil’s disease,7-day fever) ... Pathogenesis : Incubation period: 4-14 days.It is a biphasic disease ... There is hepatitis and jaundice ... There are no human vaccines. (Ch19 p.251 only lists 'Non viral infection : Toxoplasmosis – Leptospirosis – Q fever.')",—,"duplicate (entire block present in Ch7; Ch19 only lists it as a cause, so no reassignment)",confirmed
FI-32,exclude,,,32,Yellow Fever ... single-stranded enveloped RNA arboviruses ... Incubation period: 3-5 days ... degeneration of the liver ... Jaundice is a prominent feature due to liver necrosis ... case-fatality rate can be 50% ... 17 D strain,verbatim on page,Yellow fever (incl. liver necrosis),7,Foodborn Infection,114,first-half,117,Other GIT pathogens – Yellow fever,"Jaundice is a prominent feature due to liver necrosis. The case-fatality rate can be 50%. ... Vaccine: “17 D strain” live attenuated virus, given as a single dose subcutaneously.",—,duplicate (all present in Ch7 pp.113–114; not covered in liver chapters),confirmed
FI-33,exclude,,,33,Dengue virus ... breakbone fever ... Dengue Hemorrhagic Fever ... Case fatality rate is 50%. Ebola and Marburg viruses ... transmitted by direct contact with infected body fluids.,verbatim on page,"Dengue, Ebola, Marburg",7,Foodborn Infection,114,first-half,117,Other GIT pathogens – Dengue / Ebola,Dengue virus : RNA enveloped viruses ... (“breakbone fever”) ... Dengue Hemorrhagic Fever is a deadly complication of dengue.Case fatality rate is 50%. Ebola and Marburg viruses ...,—,duplicate,confirmed
FI-34,exclude,,,33,1- Salmonella spp have the following biochemical reactions Except: a- Ferment lactose ... c- Indole negative.,verbatim on page,MCQ 1 – Salmonella biochemistry,7,Foodborn Infection,107,first-half,110,Salmonella – Biochemical reactions,non-lactose fermenter on MacConkey agar ... urease negative (indole not mentioned; grep: indole),—,MCQ: no keyed answer given in GIT others; lactose/urease already in book; indole not stated as fact in GIT others text,confirmed
FI-35,exclude,,,33,2- Salmonella causing food poisoning include: ... d- Salmonella typhimurium. 3- Culture of Campylobacter ... a- Micro-aerophilic and capnophilic.,verbatim on page,MCQ 2–3,7,Foodborn Infection,110,first-half,113,Salmonella food poisoning / Campylobacter culture,2.Salmonella food poisoning: a- Salmonella typhimurium ... Micro-aerophilic thermophilic and capnophilic,—,MCQ duplicate,confirmed
FI-36,exclude,,,34,4- The laboratory test of choice to diagnose Brucellosis is: a- Blood culture. ... 6- ... Which organism ... would not benefit from prompt antibiotic treatment? ... c- C.botulinum. 8- ... yellow fever vaccine Except: a- Killed vaccine.,verbatim on page,"MCQ 4, 6, 8",7,Foodborn Infection,113,first-half,116,Brucella / Botulism / Yellow fever,Blood culture is the method of choice early in the disease (p.111) ... Antibiotics are not used to treat botulism (p.113) ... “17 D strain” live attenuated virus (p.114),—,MCQ duplicate (facts already in book; no answer key in GIT others),confirmed
FI-37,exclude,,,34,5- Bacillus cereus is the etiological agent of all of the followings Except: ... c- Cutaneous Anthrax. 7- Rodent are reservoirs of leptospira which colonize their: ... b- Kidneys.,summary (not verbatim),"MCQ 5, 7",7,Foodborn Infection,113,first-half,116,B. cereus / Leptospirosis,"no mention found (grep: anthrax, rodent, kidney colonization)",—,"MCQ with no keyed answer stated in GIT others; implied facts (anthracis, rodent kidney colonization) not stated in GIT others text — cannot include without inference",confirmed
PA-01,exclude,,,35,S.mansoni ... Intermediate host Biomphalaria alexandrina ... Habitat Inferior mesenteric plexus of veins,verbatim on page,Schistosoma species comparison table,9,Parasitic GI Diseases,123,first-half,126,Blood flukes – Schistosoma,S.mansoni ... Biomphalaria alexandrina ... Onchomelania species ... Inferior mesenteric plexus of veins,None — already in book,Present verbatim in Ch9 (the Ch9 text reproduces GIT others pp.35-47 nearly word for word),confirmed
PA-02,exclude,,,36,Eggs escape to the perivascular tissue due to: i. pressure within the venule. ii. effect of the spine...,verbatim on page,"Schistosoma egg escape, miracidia, cercarial skin penetration",9,Parasitic GI Diseases,124,first-half,127,Schistosoma – Life cycle,Eggs escape to the perivascular tissue due to: i. pressure within the venule. ii. effect of the spine.,None — already in book,Present verbatim in Ch9 (the Ch9 text reproduces GIT others pp.35-47 nearly word for word),confirmed
PA-03,exclude,,,36,The prepatent period ... around 35 days for S.munsoni and Sjaponicum and about 70 days for S.haematobium.,verbatim on page,Schistosomula migration and prepatent period,9,Parasitic GI Diseases,125,first-half,128,Schistosoma – Life cycle,The prepatent period ... is around 35 days for S.munsoni and Sjaponicum and about 70 days for S.haematobium.,None — already in book,Duplicate; same prepatent periods (35 d / 70 d) — no discrepancy,confirmed
PA-04,exclude,,,37,Intestinal schistosomiasis is 7-8 weeks (for S. mansoni infection) and 5-6 weeks (for S. japonicum infection).,verbatim on page,Incubation of intestinal schistosomiasis,9,Parasitic GI Diseases,125,first-half,128,Schistosoma – Pathogenesis and clinical picture,Intestinal schistosomiasis is 7-8 weeks (for S. mansoni infection) and 5-6 weeks (for S. japonicum infection).,None — already in book,Duplicate; identical figures — no discrepancy,confirmed
PA-05,exclude,,,37,1. Stage of invasion (1 - 4 days) ... 2. Stage of migration (3 — 4 weeks) ... 3. Stage of egg deposition and extrusion (acute stage: 1-2 month),verbatim on page,Schistosomiasis stages 1–3,9,Parasitic GI Diseases,125,first-half,128,Schistosoma – Pathogenesis and clinical picture,1. Stage of invasion (1 - 4 days): 2. Stage of migration (3 — 4 weeks): ... 3. Stage of egg deposition and extrusion (acute stage: 1-2 month),None — already in book,Duplicate; same stage durations and features,confirmed
PA-06,exclude,,,37,S.japonicum may present with Katayama fever.,verbatim on page,Katayama fever; dysentery in intestinal bilharziasis,9,Parasitic GI Diseases,126,first-half,129,Schistosoma – stage of egg deposition,dysentery with blood and mucus in stooliaca ... Sjaponicum may present with Katayama fever,None — already in book,Present verbatim in Ch9 (the Ch9 text reproduces GIT others pp.35-47 nearly word for word),confirmed
PA-07,exclude,,,38,"The intestinal wall becomes fibrosed, thickened and may be complicated with strictures, sinuses, fistula and prolapse.",verbatim on page,"Chronic stage – intestinal lesions (nodules, papillomata, sandy patches)",9,Parasitic GI Diseases,126,first-half,129,Schistosoma – Stage of tissue reaction,"The intestinal wall becomes fibrosed, thickened and may be complicated with strictures, sinuses, fistulac and prolapse.",None — already in book,Present verbatim in Ch9 (the Ch9 text reproduces GIT others pp.35-47 nearly word for word),confirmed
PA-08,exclude,,,38,"This results in periportal fibrosis, portal hypertension, hepatosplenomegaly, followed by shrunken fibrosed liver.",verbatim on page,"Hepatic schistosomiasis: periportal fibrosis, portal hypertension, hypersplenism, pancytopenia",9,Parasitic GI Diseases,126,first-half,129,Schistosoma – Stage of tissue reaction,"This results in periportal fibrosis, portal hypertension, hepatosplenomegaly, followed by shrunken fibroscd liver. ... Later on it leads to pancytopenia.",None — already in book,Duplicate in Ch9 p.126; Ch23 p.310 also lists 'Schistosomiasis with periportal fibrosis' (presinusoidal) and Ch22 p.283 hepatosplenic schistosomiasis,confirmed
PA-09,exclude,,,38,a) Complete blood count (CBC): Shows eosinophilia up to 40 % and anaemia.,verbatim on page,Diagnosis of intestinal schistosomiasis,9,Parasitic GI Diseases,126,first-half,129,Intestinal schistosomiasis – Diagnosis,a) Complete blood count (CBC): Shows eosinophilia up to 40 % and anaemia. b) Rectal swab c) colonoscopy and sigmoidoscopy,None — already in book,Present verbatim in Ch9 (the Ch9 text reproduces GIT others pp.35-47 nearly word for word),confirmed
PA-10,exclude,,,38,"1. Praziquantel (Biltricide), Oxmoquine (Vansil) and Metriphonate",verbatim on page,Schistosomiasis treatment and prevention,9,Parasitic GI Diseases,127,first-half,130,Intestinal schistosomiasis – Treatment,"1. Praziquante! (Biltricide), Oxmoquine (Vansil) and Metriphonate ... 3- Snail control",None — already in book,Present verbatim in Ch9 (the Ch9 text reproduces GIT others pp.35-47 nearly word for word),confirmed
PA-11,exclude,,,39,Mode of infection: by ingestion of under-cooked beef containing viable cysticerci ... matures in about 3 months.,verbatim on page,"Taenia saginata – distribution, hosts, infective/diagnostic stages",9,Parasitic GI Diseases,127,first-half,130,Taenia saginata,Mode of infection: by ingestion of undercooked beef containing viable cysticerci ... matures in about 3 months.,None — already in book,Present verbatim in Ch9 (the Ch9 text reproduces GIT others pp.35-47 nearly word for word),confirmed
PA-12,exclude,,,39,5. Appendicitis or cholangitis caused by stray segments of the worm.,verbatim on page,Taenia saginata – clinical picture,9,Parasitic GI Diseases,127,first-half,130,Taenia saginata – Pathogenesis and clinical picture,5. Appendicitis or cholangitis caused by stray segments of the worm. 6. Migrating segments creeping out of the anus,None — already in book,Present verbatim in Ch9 (the Ch9 text reproduces GIT others pp.35-47 nearly word for word),confirmed
PA-13,exclude,,,39,Compress the segments between two slides and count the main lateral branches. ... Detection of coproantigen in patients' stool by ELISA.,verbatim on page,Taenia saginata – diagnosis,9,Parasitic GI Diseases,128,first-half,131,Taenia saginata – Diagnosis,Compress the segments between two slides and count the main lateral branches. 3. Immunodiagnosis: Detection of coproantigen in patients' stool by ELISA.,None — already in book,Present verbatim in Ch9 (the Ch9 text reproduces GIT others pp.35-47 nearly word for word),confirmed
PA-14,exclude,,,40,Praziquantel is the drug of choice ... in a dose of 10mg/Kg as a single oral dose. 2. Yomesan in a single oral dose of 2 gm on empty stomach.,verbatim on page,Taenia treatment doses,9,Parasitic GI Diseases,128,first-half,131,Taenia saginata – Treatment,Praziquantel is the drug of choice ... in a dose of 10mg/Kg as a single oral dose. 2. Yomesan in a single oral dose of 2 gm on empty stomach.,None — already in book,Duplicate; identical doses — no discrepancy,confirmed
PA-15,exclude,,,40,4. Refrigeration of meat at -10°C for 5 days.,verbatim on page,Taenia saginata – control,9,Parasitic GI Diseases,128,first-half,131,Taenia saginata – Control,4. Refrigeration of meat at -10°C for 5 days. 5. Thorough cooking of beef.,None — already in book,Present verbatim in Ch9 (the Ch9 text reproduces GIT others pp.35-47 nearly word for word),confirmed
PA-16,exclude,,,40,"When man ingests eggs of T.solium, the larval stage (cysticercus cellulosae) develops in the extraintestinal tissues ... cysticercosis.",verbatim on page,"Taenia solium – differences, cysticercosis",9,Parasitic GI Diseases,129,first-half,132,Taenia solium – Pathogenesis and clinical picture,"When man ingests eggs of T.solium, the larval stage (cysticercus cellulosae) develops in the extraintestinal tissues leading to ... cysticercosis.",None — already in book,Present verbatim in Ch9 (the Ch9 text reproduces GIT others pp.35-47 nearly word for word),confirmed
PA-17,exclude,,,41,give a saline purge 1-2 hours later to avoid cysticercosis ... Quinacrine hydrochloride (atebrine) ... Giving antiemetic before treatment,verbatim on page,Taenia solium – diagnosis and treatment,9,Parasitic GI Diseases,129,first-half,132,Taenia solium – Treatment,It is recommended to give a saline purge 1-2 hours later ... Quinacrine hydrochloride (atebrine) ... 3. Giving antiemetic before treatment to avoid vomiting.,None — already in book,Present verbatim in Ch9 (the Ch9 text reproduces GIT others pp.35-47 nearly word for word),confirmed
PA-18,exclude,,,42,"Adults do not attach to intestinal wall, thus they may go to ectopic places.",verbatim on page,"Ascaris – distribution, infection, pathogenesis",9,Parasitic GI Diseases,132,first-half,135,Ascaris lumbricoides,"2. Adults do not attach to intestinal wall, thus they may go to ectopic places.",None — already in book,Present verbatim in Ch9 (the Ch9 text reproduces GIT others pp.35-47 nearly word for word),confirmed
PA-19,exclude,,,42,"There is intense local inflammatory reaction around the larvae leading to pneumonitis manifested by fever, cough, dyspnea and eosinophilia.",verbatim on page,"Ascaris – clinical picture (larval migration, intestinal)",9,Parasitic GI Diseases,132,first-half,135,Ascaris – Clinical picture,"There is intense local inflammatory reaction around the larvae leading to pneumonitis manifested by fever, cough, dyspnea and eosinophilia.",None — already in book,Present verbatim in Ch9 (the Ch9 text reproduces GIT others pp.35-47 nearly word for word),confirmed
PA-20,exclude,,,43,Bile ducts causing obstructive jaundice ... Ampulla of vater leading acute haemorrhagic pancreatitis ... Very rarely to the trachea leading to suffocation.,verbatim on page,Ascaris – traumatic/ectopic and toxic complications,9,Parasitic GI Diseases,133,first-half,136,Ascaris – Complications,Bile ducts causing obstructive jaundice. ... Ampulla of vater leading acute haemorrhagic pancreatitis. ... Very rarely to the trachea leading to suffocation.,None — already in book,Duplicate in Ch9 p.133; Ch35 p.390 also lists Ascaris as a cause of obstructive jaundice; Ch12 p.154 lists worms as a cause of appendicitis,confirmed
PA-21,exclude,,,43,Mebendazole or flubendazole: 100 mg twice per day for 3 days.,verbatim on page,"Ascaris – diagnosis, treatment, prevention",9,Parasitic GI Diseases,133,first-half,136,Ascaris – Treatment,Mebendazole or flubendazole: 100 mg twice per day for 3 days.,None — already in book,Duplicate; identical dose — no discrepancy,confirmed
PA-22,exclude,,,44,"Habitat: Large intestine mainly caecum, colon, rectum and appendix ... Air-borne infection through inhalation of eggs in dust particles.",verbatim on page,"Enterobius – distribution, habitat, mode of infection",9,Parasitic GI Diseases,134,first-half,137,Enterobius vermicularis,"Large intestine mainly caecum, colon, rectum and appendix. ... 2- Air-borne infection through inhalation of eggs in dust particles.",None — already in book,Present verbatim in Ch9 (the Ch9 text reproduces GIT others pp.35-47 nearly word for word),confirmed
PA-23,exclude,,,44,"Irritation, itching and scratching of the peri-anal skin (pruritis ani) ... all the family should be examined ... pelvic peritonitis.",verbatim on page,"Enterobius – pathogenesis (pruritus ani/vulvae, appendicitis, family treatment)",9,Parasitic GI Diseases,134,first-half,137,Enterobius – Pathogenesis and symptoms,"1) Irritation, itching and scratching of the peri-anal skin (pruritis ani) ... 7) Migration to the peritoneal cavity (through uterine tubes) will cause pelvic peritonitis.",None — already in book,"Duplicate in Ch9 p.134 (Ch16 does not discuss pruritus ani causes, but fact is already in book)",confirmed
PA-24,exclude,,,45,Eggs are rarely found in stool (about 5 % only) ... Scotch adhesive tape swab ... white oxide of mercury,verbatim on page,"Enterobius – diagnosis, treatment, prevention",9,Parasitic GI Diseases,135,first-half,138,Enterobius – Diagnosis/Treatment,Eggs are rarely found in stool (about 5 % only). a) N.I.H. swab ... b) Scotch adhesive tape swab ... white oxide of mercury,None — already in book,Present verbatim in Ch9 (the Ch9 text reproduces GIT others pp.35-47 nearly word for word),confirmed
PA-25,exclude,,,46,Portal circulation draining the intestine carries amoebic emboli mainly to the right lobe of the liver ... Diffuse Amoebic Hepatitis,verbatim on page,Hepatic amoebiasis – routes of spread; diffuse amoebic hepatitis,9,Parasitic GI Diseases,136,first-half,139,Extra-intestinal amoebiasis – Pathogenesis,Portal circulation draining the intestine carries amoebic emboli mainly to the right lobe of the liver. ... a.Diffuse Amoebic Hepatitis (p.137),None — already in book,Duplicate in Ch9 pp.136-137; Ch25 p.329 also gives portal route and right-lobe predominance,confirmed
PA-26,exclude,,,46,Amoebic trophozoites are only found in the edge of the lesion ... The commonest site is the posterior part of the right lobe (silent area),verbatim on page,"Amoebic liver abscess – pathology (anchovy-sauce pus, site)",9,Parasitic GI Diseases,137,first-half,140,Amoebic liver abscess – Pathogenesis,Amoebic trophozoites are only found in the edge of the lesion where they multiply. The commonest site is the posterior part of the right lobe (silent area),None — already in book,Duplicate in Ch9 p.137; Ch25 p.329 also has anchovy paste and right-lobe predominance,confirmed
PA-27,exclude,,,47,acute onset of pain in the upper abdomen with high fever ... radiating to the scapular region and right shoulder ... Earthy look ... Tinge of jaundice,verbatim on page,Amoebic liver abscess – clinical picture and DD,9,Parasitic GI Diseases,137,first-half,140,Amoebic liver abscess – Clinical picture,"There is usually an acute onset of pain in the upper abdomen with high fever. Th pain is intense and constant, radiating to the scapular region and right shoulder",None — already in book,"Duplicate in Ch9 p.137 (note: Ch25 p.330 describes pain as 'constant and dull aching' — wording differs, not flagged as a factual contradiction)",confirmed
PA-28,exclude,,,47,IHAT and ELISA ... cannot be used to assess cure because antibodies persist ... Stool examination: may be positive in only one third of cases ... copro-antigen,verbatim on page,"Amoebic liver abscess – serology, aspiration, stool, imaging",9,Parasitic GI Diseases,138,first-half,141,Amoebic liver abscess – Diagnosis,The indirect haemagglutination test (IHAT) and ELISA ... cannot be used to assess cure ... ii. Stool examination: may be positive in only one third of cases.,None — already in book,"Duplicate in Ch9 p.138 (Ch25 p.331 calls stool testing 'Non-specific' — compatible, not contradictory)",confirmed
PA-29,discrepancy,A25-D1,A · after mid-module,47,d. Complete blood count (CBC) shows polymorphonuclearleucocytosis in Amoebic Liver Abscess (differentiated from viral hepatitis).,verbatim on page,Amoebic liver abscess – CBC finding,25,Pyogenic Liver Abscess,331,second-half,135,Amebic liver abscess – Investigations – C-Lab,"Ch25 p.331: ""CBC: Leukocytosis and esinophilia"" (vs Ch9 p.138, which matches GIT others: ""Complete blood count (CBC) shows polymorphonuclearleucocytosis in Amoebic Liver Abscess"")",Flag only: GIT others p.47 says CBC shows polymorphonuclear leucocytosis; Ch25 p.331 says leukocytosis and eosinophilia. Students should check with the teacher which is intended.,GIT others p.47 (and book Ch9 p.138) = polymorphonuclear leucocytosis; book Ch25 p.331 = leukocytosis and eosinophilia. Conflicting white-cell picture; not resolved here,confirmed
PA-30,exclude,,,47,1. Personal hygiene 2. Washing of fresh-eaten vegetables and fruits ... 5. Treatment of patients and examination of contacts.,verbatim on page,Amoebiasis – prevention and control,9,Parasitic GI Diseases,138,first-half,141,Amoebic liver abscess – Prevention and control,1. personal hygiene 2. Washing of fresh-eaten vegetables and fruits. ... 5. Treatment of patients and examination of contacts,None — already in book,Present verbatim in Ch9 (the Ch9 text reproduces GIT others pp.35-47 nearly word for word),confirmed
